player_id,name,club,years,matches,goals,url,birthdate
143,henok abrahamsson,Gårda BK,"1938,1939",3,0,https://goteborgsalliansen.se/spelare/Henok-Abrahamsson_143,1909-10-29
166,olle Åhlund,Degerfors IF,1942,1,0,https://goteborgsalliansen.se/spelare/Olle-%C3%85hlund_166,1920-08-22
152,mauritz Åkervall,Gårda BK,1939,1,0,https://goteborgsalliansen.se/spelare/Mauritz-%C3%85kervall_152,1908-11-08
336,conny aldorsson,GAIS,1974,1,0,https://goteborgsalliansen.se/spelare/Conny-Aldorsson_336,1945-01-13
317,stefan allbäck,Örgryte IS,"1971,1975",2,0,https://goteborgsalliansen.se/spelare/Stefan-Allb%C3%A4ck_317,1947-09-15
308,gösta almbjerg,GAIS,1969,1,0,https://goteborgsalliansen.se/spelare/G%C3%B6sta-Almbjerg_308,1942-02-26
228,knut almqvist,GAIS,"1950,1953",2,1,https://goteborgsalliansen.se/spelare/Knut-Almqvist_228,1924-01-13
311,reine almqvist,IFK Göteborg,"1969,1972",2,0,https://goteborgsalliansen.se/spelare/Reine-Almqvist_311,1949-04-12
185,rolf almqvist,GAIS,1946,1,0,https://goteborgsalliansen.se/spelare/Rolf-Almqvist_185,1924-07-16
344,roger altemark,Örgryte IS,1979,1,0,https://goteborgsalliansen.se/spelare/Roger-Altemark_344,1952-08-22
328,peder amberntsson,Örgryte IS,"1972,1974",2,0,https://goteborgsalliansen.se/spelare/Peder-Amberntsson_328,1950-03-23
139,Åke andersson,GAIS,"1937,1938,1939",3,1,https://goteborgsalliansen.se/spelare/%C3%85ke-Andersson_139,1917-04-22
2,albert andersson,Örgryte IS,"1920,1921,1922,1923,1924",16,0,https://goteborgsalliansen.se/spelare/Albert-Andersson_2,1895-12-18
189,allan andersson,IFK Göteborg,1947,1,0,https://goteborgsalliansen.se/spelare/Allan-Andersson_189,1927-02-25
134,bertil andersson i,Örgryte IS,"1936,1940",3,0,https://goteborgsalliansen.se/spelare/Bertil-Andersson+I_134,1909-11-14
216,bertil andersson ii,GAIS,"1951,1952,1953,1954,1956",7,0,https://goteborgsalliansen.se/spelare/Bertil-Andersson+II_216,1929-12-16
278,dick andersson,IFK Göteborg,1962,1,3,https://goteborgsalliansen.se/spelare/Dick-Andersson_278,1943-11-13
58,erik andersson,IFK Göteborg,"1923,1925,1926,1927,1929",16,0,https://goteborgsalliansen.se/spelare/Erik-Andersson_58,1898-01-01
77,ernst andersson,IFK Göteborg,"1930,1931,1932,1933,1935,1936,1937,1940",15,0,https://goteborgsalliansen.se/spelare/Ernst-Andersson_77,1909-03-26
52,gillis andersson,IFK Göteborg,1921,1,0,https://goteborgsalliansen.se/spelare/Gillis-Andersson_52,1895-02-20
74,gösta andersson,IFK Göteborg,"1930,1931,1932,1933,1934",12,5,https://goteborgsalliansen.se/spelare/G%C3%B6sta-Andersson_74,1907-03-18
218,gunnar andersson,Olympique de Marseille,1951,1,0,https://goteborgsalliansen.se/spelare/Gunnar-Andersson_218,1928-08-14
125,gustaf andersson,GAIS,"1934,1935",2,0,https://goteborgsalliansen.se/spelare/Gustaf-Andersson_125,1912-02-16
148,harry andersson,IS Halmia,"1938,1939",2,0,https://goteborgsalliansen.se/spelare/Harry-Andersson_148,1912-12-21
128,henry andersson i,GAIS,"1935,1936",2,1,https://goteborgsalliansen.se/spelare/Henry-Andersson+I_128,1909-05-18
135,henry andersson ii,GAIS,"1936,1937",2,0,https://goteborgsalliansen.se/spelare/Henry-Andersson+II_135,1915-05-28
170,henry andersson iii,IFK Göteborg,"1944,1947,1948,1949,1950,1951,1953,1954,1955,1956",17,0,https://goteborgsalliansen.se/spelare/Henry-Andersson+III_170,1924-10-28
54,karl andersson,IFK Göteborg,1921,1,0,https://goteborgsalliansen.se/spelare/Karl-Andersson_54,1896-02-27
86,knut andersson,Örgryte IS,"1927,1929",5,3,https://goteborgsalliansen.se/spelare/Knut-Andersson_86,1903-06-16
255,lars andersson,IFK Göteborg,1957,1,0,https://goteborgsalliansen.se/spelare/Lars-Andersson_255,1932-02-04
230,leif andersson,GAIS,"1955,1957,1959,1960,1961,1962,1966",10,0,https://goteborgsalliansen.se/spelare/Leif-Andersson_230,1932-10-23
352,michael andersson,IFK Göteborg,1988,1,1,https://goteborgsalliansen.se/spelare/Michael-Andersson_352,1959-08-24
39,nils andersson,Örgryte IS,1921,1,0,https://goteborgsalliansen.se/spelare/Nils-Andersson_39,1903-09-01
110,otto andersson,Örgryte IS,"1931,1932,1933,1934,1935,1936,1937,1938",18,0,https://goteborgsalliansen.se/spelare/Otto-Andersson_110,1910-05-07
59,stellan andersson,IFK Göteborg,1923,1,0,https://goteborgsalliansen.se/spelare/Stellan-Andersson_59,1902-10-25
191,stig andersson i,GAIS,"1948,1949,1950,1951,1952,1953",21,4,https://goteborgsalliansen.se/spelare/Stig-Andersson+I_191,1925-10-10
271,stig andersson ii,Örgryte IS,1962,1,0,https://goteborgsalliansen.se/spelare/Stig-Andersson+II_271,1936-01-02
17,verner andersson,IFK Göteborg,"1925,1926,1927,1928,1929",9,0,https://goteborgsalliansen.se/spelare/Verner-Andersson_17,1904-06-03
17,verner andersson,IFK Göteborg,"1925,1926,1927,1928,1929",9,0,https://goteborgsalliansen.se/spelare/Verner-Andersson_17,1904-06-03
17,verner andersson,Gårda BK,1930,1,0,https://goteborgsalliansen.se/spelare/Verner-Andersson_17,1904-06-03
17,verner andersson,Gårda BK,1930,1,0,https://goteborgsalliansen.se/spelare/Verner-Andersson_17,1904-06-03
106,nils andreasson,GAIS,1930,1,0,https://goteborgsalliansen.se/spelare/Nils-Andreasson_106,1906-05-20
120,erik angren,GAIS,"1934,1937",3,0,https://goteborgsalliansen.se/spelare/Erik-Angren_120,1914-10-01
99,josef appelgren,Örgryte IS,1920,1,0,https://goteborgsalliansen.se/spelare/Josef-Appelgren_99,1890-09-29
219,sven appelgren,IFK Göteborg,1952,1,0,https://goteborgsalliansen.se/spelare/Sven-Appelgren_219,1927-09-08
292,kurt axelsson,GAIS,1966,1,0,https://goteborgsalliansen.se/spelare/Kurt-Axelsson_292,1941-11-10
295,kent bäck,Örgryte IS,1966,1,0,https://goteborgsalliansen.se/spelare/Kent-B%C3%A4ck_295,1942-03-06
205,leif beckman,Örgryte IS,1950,1,0,https://goteborgsalliansen.se/spelare/Leif-Beckman_205,1923-08-04
70,algot bengtsson,IFK Göteborg,"1925,1926,1927,1928,1929,1930,1931",15,0,https://goteborgsalliansen.se/spelare/Algot-Bengtsson_70,1900-09-16
141,gunnar bengtsson,Örgryte IS,1937,1,0,https://goteborgsalliansen.se/spelare/Gunnar-Bengtsson_141,1912-09-18
147,holger bengtsson,Gårda BK,1938,2,2,https://goteborgsalliansen.se/spelare/Holger-Bengtsson_147,1912-11-03
147,holger bengtsson,Gårda BK,1938,2,2,https://goteborgsalliansen.se/spelare/Holger-Bengtsson_147,1912-11-03
147,holger bengtsson,IFK Göteborg,"1939,1940,1942,1945,1946,1949",7,1,https://goteborgsalliansen.se/spelare/Holger-Bengtsson_147,1912-11-03
147,holger bengtsson,IFK Göteborg,"1939,1940,1942,1945,1946,1949",7,1,https://goteborgsalliansen.se/spelare/Holger-Bengtsson_147,1912-11-03
16,olle bengtsson,GAIS,"1928,1929,1930,1931,1932",12,0,https://goteborgsalliansen.se/spelare/Olle-Bengtsson_16,1908-02-28
112,fritz berg,IFK Göteborg,"1931,1932,1933,1940",6,0,https://goteborgsalliansen.se/spelare/Fritz-Berg_112,1909-11-03
204,yngve bergfelt,Örgryte IS,"1950,1951,1952",9,0,https://goteborgsalliansen.se/spelare/Yngve-Bergfelt_204,1927-04-17
127,gunnar berghult,Örgryte IS,"1935,1936",2,0,https://goteborgsalliansen.se/spelare/Gunnar-Berghult_127,1913-05-17
296,Åke bergling,Örgryte IS,"1967,1968",2,0,https://goteborgsalliansen.se/spelare/%C3%85ke-Bergling_296,1943-02-04
198,roland berglöv,Örgryte IS,"1948,1949",2,0,https://goteborgsalliansen.se/spelare/Roland-Bergl%C3%B6v_198,1926-01-21
179,erik bergqvist,IFK Göteborg,"1945,1947,1948,1949,1950,1951,1952,1954",17,4,https://goteborgsalliansen.se/spelare/Erik-Bergqvist_179,1922-03-05
155,kurt bergsten,Landskrona BoIS,1939,1,0,https://goteborgsalliansen.se/spelare/Kurt-Bergsten_155,1912-06-24
81,algot bergström,IFK Göteborg,1931,2,0,https://goteborgsalliansen.se/spelare/Algot-Bergstr%C3%B6m_81,1909-12-23
156,edvin bergström,Sandvikens IF,1939,1,0,https://goteborgsalliansen.se/spelare/Edvin-Bergstr%C3%B6m_156,1916-06-25
220,bengt berndtsson,IFK Göteborg,"1952,1953,1954,1955,1956,1958,1959,1960,1961,1962,1963,1964,1967",26,3,https://goteborgsalliansen.se/spelare/Bengt-Berndtsson_220,1933-01-26
345,mikael berthagen,GAIS,1979,1,0,https://goteborgsalliansen.se/spelare/Mikael-Berthagen_345,1954-11-05
304,bengt bertilsson,IFK Göteborg,1968,1,0,https://goteborgsalliansen.se/spelare/Bengt-Bertilsson_304,1949-03-21
69,allan billing,Örgryte IS,"1928,1929,1930,1931",6,0,https://goteborgsalliansen.se/spelare/Allan-Billing_69,1901-07-12
177,stig björklund,Örgryte IS,"1945,1950,1952",5,0,https://goteborgsalliansen.se/spelare/Stig-Bj%C3%B6rklund_177,1923-08-23
47,joel björkman,GAIS,"1921,1922",4,1,https://goteborgsalliansen.se/spelare/Joel-Bj%C3%B6rkman_47,1890-07-23
196,leif björkman,IFK Göteborg,1948,1,0,https://goteborgsalliansen.se/spelare/Leif-Bj%C3%B6rkman_196,1924-10-11
210,stig björkman,GAIS,"1950,1954,1955",6,0,https://goteborgsalliansen.se/spelare/Stig-Bj%C3%B6rkman_210,1924-11-17
327,rolf blomqvist,IFK Göteborg,1972,1,0,https://goteborgsalliansen.se/spelare/Rolf-Blomqvist_327,1947-03-04
318,thomas bloom,GAIS,"1971,1974",3,0,https://goteborgsalliansen.se/spelare/Thomas-Bloom_318,1947-09-29
136,gösta bohman,IFK Göteborg,1936,1,0,https://goteborgsalliansen.se/spelare/G%C3%B6sta-Bohman_136,1911-08-27
330,bo börjesson,Örgryte IS,1972,1,1,https://goteborgsalliansen.se/spelare/Bo-B%C3%B6rjesson_330,1949-12-01
44,erik börjesson,Örgryte IS,"1922,1923",3,0,https://goteborgsalliansen.se/spelare/Erik-B%C3%B6rjesson_44,1886-12-01
275,helge börjesson,Örgryte IS,1962,1,0,https://goteborgsalliansen.se/spelare/Helge-B%C3%B6rjesson_275,1931-11-15
194,reino börjesson,Jonsereds IF,"1948,1962",2,0,https://goteborgsalliansen.se/spelare/Reino-B%C3%B6rjesson_194,1929-02-04
194,reino börjesson,Jonsereds IF,"1948,1962",2,0,https://goteborgsalliansen.se/spelare/Reino-B%C3%B6rjesson_194,1929-02-04
194,reino börjesson,IFK Göteborg,"1950,1952,1953",6,0,https://goteborgsalliansen.se/spelare/Reino-B%C3%B6rjesson_194,1929-02-04
194,reino börjesson,IFK Göteborg,"1950,1952,1953",6,0,https://goteborgsalliansen.se/spelare/Reino-B%C3%B6rjesson_194,1929-02-04
239,rune börjesson,Örgryte IS,"1955,1957,1958,1959,1960,1961",13,3,https://goteborgsalliansen.se/spelare/Rune-B%C3%B6rjesson_239,1937-04-05
239,rune börjesson,Örgryte IS,"1955,1957,1958,1959,1960,1961",13,3,https://goteborgsalliansen.se/spelare/Rune-B%C3%B6rjesson_239,1937-04-05
239,rune börjesson,Juventus FC,1962,1,0,https://goteborgsalliansen.se/spelare/Rune-B%C3%B6rjesson_239,1937-04-05
239,rune börjesson,Juventus FC,1962,1,0,https://goteborgsalliansen.se/spelare/Rune-B%C3%B6rjesson_239,1937-04-05
339,sören börjesson,Örgryte IS,"1975,1979",3,1,https://goteborgsalliansen.se/spelare/S%C3%B6ren-B%C3%B6rjesson_339,1956-03-14
267,yngve brodd,IFK Göteborg,"1962,1963",4,0,https://goteborgsalliansen.se/spelare/Yngve-Brodd_267,1930-06-09
41,bror carlsson,GAIS,"1921,1923,1924",11,11,https://goteborgsalliansen.se/spelare/Bror-Carlsson_41,1897-06-28
79,gottfrid carlsson,Örgryte IS,"1929,1930,1931,1932,1933,1934,1935",12,0,https://goteborgsalliansen.se/spelare/Gottfrid-Carlsson_79,1909-09-10
309,kjell-Åke carlsson,IFK Göteborg,1969,1,0,https://goteborgsalliansen.se/spelare/Kjell-%C3%85ke-Carlsson_309,1946-01-02
93,viktor carlund,Örgryte IS,"1929,1931,1933,1934,1935,1936,1938",13,0,https://goteborgsalliansen.se/spelare/Viktor-Carlund_93,1906-02-05
245,lars cato,GAIS,1956,2,0,https://goteborgsalliansen.se/spelare/Lars-Cato_245,1925-11-12
131,rolf christensson,IFK Göteborg,1936,1,0,https://goteborgsalliansen.se/spelare/Rolf-Christensson_131,1912-12-26
300,leif claesson,IFK Göteborg,1967,1,0,https://goteborgsalliansen.se/spelare/Leif-Claesson_300,1940-12-17
213,ingemar clarin,Örgryte IS,"1951,1952,1953",8,0,https://goteborgsalliansen.se/spelare/Ingemar-Clarin_213,1927-12-30
11,gösta clark,Örgryte IS,1921,5,0,https://goteborgsalliansen.se/spelare/G%C3%B6sta-Clark_11,1895-05-26
350,dan corneliusson,IFK Göteborg,1979,1,0,https://goteborgsalliansen.se/spelare/Dan-Corneliusson_350,1961-10-02
37,lasse dahlenborg,Örgryte IS,1921,1,2,https://goteborgsalliansen.se/spelare/Lasse-Dahlenborg_37,1895-07-18
348,peter dahlqvist,Örgryte IS,1979,1,0,https://goteborgsalliansen.se/spelare/Peter-Dahlqvist_348,1956-01-12
26,erik eiserman,IFK Göteborg,1920,1,0,https://goteborgsalliansen.se/spelare/Erik-Eiserman_26,1892-08-09
223,nils ekeroth,IFK Göteborg,"1952,1953,1954,1956,1960",7,0,https://goteborgsalliansen.se/spelare/Nils-Ekeroth_223,1930-04-28
266,rolf eklöf,IFK Göteborg,1962,1,0,https://goteborgsalliansen.se/spelare/Rolf-Ekl%C3%B6f_266,1938-07-24
306,håkan eklund,IFK Göteborg,"1968,1969",2,0,https://goteborgsalliansen.se/spelare/H%C3%A5kan-Eklund_306,1941-12-18
202,dan ekner,IFK Göteborg,"1949,1950,1954,1955",6,3,https://goteborgsalliansen.se/spelare/Dan-Ekner_202,1927-07-05
186,erland ekström,GAIS,"1946,1948",2,0,https://goteborgsalliansen.se/spelare/Erland-Ekstr%C3%B6m_186,1918-03-28
133,karl-erik eliasson,IFK Göteborg,1936,2,1,https://goteborgsalliansen.se/spelare/Karl-Erik-Eliasson_133,1916-04-22
154,göte ellström,Örgryte IS,"1939,1940",2,0,https://goteborgsalliansen.se/spelare/G%C3%B6te-Ellstr%C3%B6m_154,1916-08-27
183,rune emanuelsson,IFK Göteborg,"1945,1946,1947,1948,1949,1950,1951,1952",19,0,https://goteborgsalliansen.se/spelare/Rune-Emanuelsson_183,1923-10-08
97,bertil ericsson,Sandvikens IF,1937,1,0,https://goteborgsalliansen.se/spelare/Bertil-Ericsson_97,1908-11-06
286,björn eriksson,IFK Göteborg,"1965,1966,1968,1969,1970,1971,1972,1975",10,0,https://goteborgsalliansen.se/spelare/Bj%C3%B6rn-Eriksson_286,1943-09-10
242,ingemar eriksson,GAIS,1950,1,0,https://goteborgsalliansen.se/spelare/Ingemar-Eriksson_242,1929-05-09
182,nils eriksson,IFK Göteborg,1945,1,0,https://goteborgsalliansen.se/spelare/Nils-Eriksson_182,1916-03-02
333,per-erik eriksson,IFK Göteborg,1974,1,1,https://goteborgsalliansen.se/spelare/Per-Erik-Eriksson_333,1945-09-15
362,kaj eskelinen,IFK Göteborg,1992,1,0,https://goteborgsalliansen.se/spelare/Kaj-Eskelinen_362,1969-02-21
315, eusébio,SL Benfica,1971,1,1,https://goteborgsalliansen.se/spelare/-Eus%C3%A9bio_315,1942-01-25
227,axel färnström,IFK Göteborg,"1953,1954",2,0,https://goteborgsalliansen.se/spelare/Axel-F%C3%A4rnstr%C3%B6m_227,1925-11-20
130,gunnar forsberg,IFK Göteborg,1935,1,1,https://goteborgsalliansen.se/spelare/Gunnar-Forsberg_130,1911-03-17
224,leif forsberg,GAIS,"1953,1954,1956,1957,1958,1959,1962,1964",12,1,https://goteborgsalliansen.se/spelare/Leif-Forsberg_224,1932-10-06
319,eine fredriksson,GAIS,"1971,1974,1975",4,0,https://goteborgsalliansen.se/spelare/Eine-Fredriksson_319,1950-03-05
237,folke fredriksson,GAIS,"1955,1956",3,0,https://goteborgsalliansen.se/spelare/Folke-Fredriksson_237,1927-06-10
25,sven friberg,Örgryte IS,"1920,1921,1922,1923,1925,1926,1927,1928",26,1,https://goteborgsalliansen.se/spelare/Sven-Friberg_25,1895-02-07
100,rolf gardtman,Redbergslids IK,1930,1,1,https://goteborgsalliansen.se/spelare/Rolf-Gardtman_100,1907-08-18
100,rolf gardtman,Redbergslids IK,1930,1,1,https://goteborgsalliansen.se/spelare/Rolf-Gardtman_100,1907-08-18
100,rolf gardtman,Örgryte IS,1932,3,2,https://goteborgsalliansen.se/spelare/Rolf-Gardtman_100,1907-08-18
100,rolf gardtman,Örgryte IS,1932,3,2,https://goteborgsalliansen.se/spelare/Rolf-Gardtman_100,1907-08-18
178,evert grahn,IF Elfsborg,1945,1,0,https://goteborgsalliansen.se/spelare/Evert-Grahn_178,1921-05-21
178,evert grahn,IF Elfsborg,1945,1,0,https://goteborgsalliansen.se/spelare/Evert-Grahn_178,1921-05-21
178,evert grahn,IFK Göteborg,1947,1,0,https://goteborgsalliansen.se/spelare/Evert-Grahn_178,1921-05-21
178,evert grahn,IFK Göteborg,1947,1,0,https://goteborgsalliansen.se/spelare/Evert-Grahn_178,1921-05-21
83,erik granath,Örgryte IS,"1929,1930,1931,1932,1933,1934",11,0,https://goteborgsalliansen.se/spelare/Erik-Granath_83,1910-10-12
288,krister granbom,IFK Göteborg,1965,2,3,https://goteborgsalliansen.se/spelare/Krister-Granbom_288,1941-04-09
361,joakim grandelius,Örgryte IS,1992,1,0,https://goteborgsalliansen.se/spelare/Joakim-Grandelius_361,1970-09-20
211,tryggve granqvist,IFK Göteborg,"1950,1951",6,6,https://goteborgsalliansen.se/spelare/Tryggve-Granqvist_211,1925-12-25
274,kent grek,GAIS,1962,1,0,https://goteborgsalliansen.se/spelare/Kent-Grek_274,1942-04-27
173,gunnar gren,IFK Göteborg,"1944,1945,1946,1948,1949",8,4,https://goteborgsalliansen.se/spelare/Gunnar-Gren_173,1920-10-31
173,gunnar gren,IFK Göteborg,"1944,1945,1946,1948,1949",8,4,https://goteborgsalliansen.se/spelare/Gunnar-Gren_173,1920-10-31
173,gunnar gren,IFK Göteborg,"1944,1945,1946,1948,1949",8,4,https://goteborgsalliansen.se/spelare/Gunnar-Gren_173,1920-10-31
173,gunnar gren,IFK Göteborg,"1944,1945,1946,1948,1949",8,4,https://goteborgsalliansen.se/spelare/Gunnar-Gren_173,1920-10-31
173,gunnar gren,AFC Fiorentina,"1953,1954",2,1,https://goteborgsalliansen.se/spelare/Gunnar-Gren_173,1920-10-31
173,gunnar gren,AFC Fiorentina,"1953,1954",2,1,https://goteborgsalliansen.se/spelare/Gunnar-Gren_173,1920-10-31
173,gunnar gren,AFC Fiorentina,"1953,1954",2,1,https://goteborgsalliansen.se/spelare/Gunnar-Gren_173,1920-10-31
173,gunnar gren,AFC Fiorentina,"1953,1954",2,1,https://goteborgsalliansen.se/spelare/Gunnar-Gren_173,1920-10-31
173,gunnar gren,Örgryte IS,"1956,1957,1958,1959",7,0,https://goteborgsalliansen.se/spelare/Gunnar-Gren_173,1920-10-31
173,gunnar gren,Örgryte IS,"1956,1957,1958,1959",7,0,https://goteborgsalliansen.se/spelare/Gunnar-Gren_173,1920-10-31
173,gunnar gren,Örgryte IS,"1956,1957,1958,1959",7,0,https://goteborgsalliansen.se/spelare/Gunnar-Gren_173,1920-10-31
173,gunnar gren,Örgryte IS,"1956,1957,1958,1959",7,0,https://goteborgsalliansen.se/spelare/Gunnar-Gren_173,1920-10-31
173,gunnar gren,Klubblös,"1962,1963",3,0,https://goteborgsalliansen.se/spelare/Gunnar-Gren_173,1920-10-31
173,gunnar gren,Klubblös,"1962,1963",3,0,https://goteborgsalliansen.se/spelare/Gunnar-Gren_173,1920-10-31
173,gunnar gren,Klubblös,"1962,1963",3,0,https://goteborgsalliansen.se/spelare/Gunnar-Gren_173,1920-10-31
173,gunnar gren,Klubblös,"1962,1963",3,0,https://goteborgsalliansen.se/spelare/Gunnar-Gren_173,1920-10-31
280,lars gunnskog,Örgryte IS,1964,1,0,https://goteborgsalliansen.se/spelare/Lars-Gunnskog_280,1941-08-06
82,gustaf gustafsson,GAIS,"1926,1927,1928,1929,1931",11,0,https://goteborgsalliansen.se/spelare/Gustaf-Gustafsson_82,1902-11-06
367,magnus gustafsson,GAIS,"1992,1993",2,0,https://goteborgsalliansen.se/spelare/Magnus-Gustafsson_367,1967-01-24
171,rolf gustafsson,GAIS,"1944,1945,1948,1949,1950",11,0,https://goteborgsalliansen.se/spelare/Rolf-Gustafsson_171,1920-04-21
276,Åke gustavsson,IFK Göteborg,1962,1,0,https://goteborgsalliansen.se/spelare/%C3%85ke-Gustavsson_276,1935-03-10
321,christer gustavsson,Örgryte IS,"1971,1972,1974,1975",6,0,https://goteborgsalliansen.se/spelare/Christer-Gustavsson_321,1949-03-24
364,patrik gustavsson,Örgryte IS,1992,1,0,https://goteborgsalliansen.se/spelare/Patrik-Gustavsson_364,1965-01-13
71,ragnar gustavsson,GAIS,"1930,1931,1932,1933,1934,1935",10,6,https://goteborgsalliansen.se/spelare/Ragnar-Gustavsson_71,1907-09-28
357,jonny hägerå,Örgryte IS,"1992,1993",2,0,https://goteborgsalliansen.se/spelare/Jonny-H%C3%A4ger%C3%A5_357,1971-09-10
341,per-olof hagman,Örgryte IS,1975,1,0,https://goteborgsalliansen.se/spelare/Per-Olof-Hagman_341,1956-01-30
27,sjunne hallberg,Örgryte IS,"1920,1921",3,2,https://goteborgsalliansen.se/spelare/Sjunne-Hallberg_27,1893-04-12
379,thomas hallberg,GAIS,1993,1,0,https://goteborgsalliansen.se/spelare/Thomas-Hallberg_379,1967-03-18
162,Åke hallman,IFK Göteborg,1940,1,0,https://goteborgsalliansen.se/spelare/%C3%85ke-Hallman_162,1912-11-12
122,sven hammar,GAIS,"1934,1935",3,1,https://goteborgsalliansen.se/spelare/Sven-Hammar_122,1911-05-26
241,nils hansén,IFK Göteborg,1940,1,0,https://goteborgsalliansen.se/spelare/Nils-Hans%C3%A9n_241,1920-04-18
15,Åke hansson,IFK Göteborg,"1925,1926,1927",7,0,https://goteborgsalliansen.se/spelare/%C3%85ke-Hansson_15,1903-04-16
15,Åke hansson,IFK Göteborg,"1925,1926,1927",7,0,https://goteborgsalliansen.se/spelare/%C3%85ke-Hansson_15,1903-04-16
15,Åke hansson,GAIS,"1930,1931",3,0,https://goteborgsalliansen.se/spelare/%C3%85ke-Hansson_15,1903-04-16
15,Åke hansson,GAIS,"1930,1931",3,0,https://goteborgsalliansen.se/spelare/%C3%85ke-Hansson_15,1903-04-16
78,evert hansson,Örgryte IS,"1929,1930,1931,1932,1933,1934,1935,1937,1940",18,5,https://goteborgsalliansen.se/spelare/Evert-Hansson_78,1908-02-23
197,holger hansson,IFK Göteborg,"1948,1949,1950,1951,1952,1953,1954,1955,1956,1957,1958,1959",29,1,https://goteborgsalliansen.se/spelare/Holger-Hansson_197,1927-01-26
146,knut hansson,Landskrona BoIS,"1938,1939",2,0,https://goteborgsalliansen.se/spelare/Knut-Hansson_146,1911-05-09
248,per-olof hansson,IFK Göteborg,"1956,1958",3,0,https://goteborgsalliansen.se/spelare/Per-Olof-Hansson_248,1932-03-24
294,rolf hansson,Örgryte IS,"1966,1967,1968,1970",4,0,https://goteborgsalliansen.se/spelare/Rolf-Hansson_294,1943-12-01
55,viktor hansson,IFK Göteborg,1921,1,0,https://goteborgsalliansen.se/spelare/Viktor-Hansson_55,1893-08-26
298,lars-ove haraldsson,GAIS,1967,1,0,https://goteborgsalliansen.se/spelare/Lars-Ove-Haraldsson_298,1942-07-21
312,kent harman,GAIS,1970,1,0,https://goteborgsalliansen.se/spelare/Kent-Harman_312,1943-04-22
62,einar hedeberg,Örgryte IS,"1923,1924,1929",4,0,https://goteborgsalliansen.se/spelare/Einar-Hedeberg_62,1898-10-23
301,christer heideberg,GAIS,1968,1,0,https://goteborgsalliansen.se/spelare/Christer-Heideberg_301,1942-02-08
60,henning helgesson,Örgryte IS,"1923,1924,1925,1927,1928,1929,1930,1931",16,1,https://goteborgsalliansen.se/spelare/Henning-Helgesson_60,1900-03-28
246,ove helmér,IK Oddevold,1956,1,0,https://goteborgsalliansen.se/spelare/Ove-Helm%C3%A9r_246,1933-05-07
244,lars henriksson,IFK Göteborg,1956,3,0,https://goteborgsalliansen.se/spelare/Lars-Henriksson_244,1930-10-04
34,gustaf hermansson,IFK Göteborg,1921,2,1,https://goteborgsalliansen.se/spelare/Gustaf-Hermansson_34,1900-05-01
42,fritjof hillén,GAIS,"1921,1922,1923,1925,1926",10,0,https://goteborgsalliansen.se/spelare/Fritjof-Hill%C3%A9n_42,1893-05-19
89,alf hjelm,GAIS,"1929,1932",4,2,https://goteborgsalliansen.se/spelare/Alf-Hjelm_89,1902-12-28
10,erik hjelm,IFK Göteborg,"1920,1921,1922,1923,1924,1925,1927",23,6,https://goteborgsalliansen.se/spelare/Erik-Hjelm_10,1893-05-22
302,gunder högström,GAIS,1968,1,0,https://goteborgsalliansen.se/spelare/Gunder-H%C3%B6gstr%C3%B6m_302,1944-01-17
61,gunnar holmberg,GAIS,"1923,1925,1926,1927,1928",12,1,https://goteborgsalliansen.se/spelare/Gunnar-Holmberg_61,1897-05-06
73,karl-erik holmberg,Örgryte IS,"1925,1926,1927,1928,1929,1930,1931,1932,1933,1934",33,21,https://goteborgsalliansen.se/spelare/Karl-Erik-Holmberg_73,1906-07-17
35,ivan holmdahl,GAIS,1921,1,0,https://goteborgsalliansen.se/spelare/Ivan-Holmdahl_35,1894-07-28
92,vallentin hultén,IFK Göteborg,"1937,1938,1939,1940",6,0,https://goteborgsalliansen.se/spelare/Vallentin-Hult%C3%A9n_92,1911-02-14
91,olof hultfeldt,IFK Göteborg,"1936,1939,1940",5,0,https://goteborgsalliansen.se/spelare/Olof-Hultfeldt_91,1911-09-17
88,erik hultgren,Örgryte IS,1928,1,0,https://goteborgsalliansen.se/spelare/Erik-Hultgren_88,1903-03-03
87,erik hysén,IFK Göteborg,"1927,1928,1929,1930,1935",7,3,https://goteborgsalliansen.se/spelare/Erik-Hys%C3%A9n_87,1906-05-18
354,glenn hysén,GAIS,1992,1,0,https://goteborgsalliansen.se/spelare/Glenn-Hys%C3%A9n_354,1959-10-30
354,glenn hysén,GAIS,1992,1,0,https://goteborgsalliansen.se/spelare/Glenn-Hys%C3%A9n_354,1959-10-30
354,glenn hysén,IFK Göteborg,1993,1,0,https://goteborgsalliansen.se/spelare/Glenn-Hys%C3%A9n_354,1959-10-30
354,glenn hysén,IFK Göteborg,1993,1,0,https://goteborgsalliansen.se/spelare/Glenn-Hys%C3%A9n_354,1959-10-30
373,jethro jackson,GAIS,1993,1,0,https://goteborgsalliansen.se/spelare/Jethro-Jackson_373,1973-05-16
208,karl-alfred jacobsson,GAIS,"1950,1951,1952,1953,1954,1955,1956,1957",26,19,https://goteborgsalliansen.se/spelare/Karl-Alfred-Jacobsson_208,1926-01-15
215,sanny jacobsson,GAIS,"1950,1951,1952,1954,1958,1959",11,3,https://goteborgsalliansen.se/spelare/Sanny-Jacobsson_215,1930-07-06
144,sven jacobsson,GAIS,"1938,1939,1940,1942,1944,1945,1946,1947,1948,1949",18,2,https://goteborgsalliansen.se/spelare/Sven-Jacobsson_144,1914-04-17
221,lars jangblad,IFK Göteborg,"1952,1953",4,1,https://goteborgsalliansen.se/spelare/Lars-Jangblad_221,1931-01-11
231,bertil jansson,Örgryte IS,"1955,1962",2,0,https://goteborgsalliansen.se/spelare/Bertil-Jansson_231,1932-07-17
272,per-Åke jansson,IFK Göteborg,1962,1,0,https://goteborgsalliansen.se/spelare/Per-%C3%85ke-Jansson_272,1938-03-05
353,sören järelöv,GAIS,"1992,1993",2,0,https://goteborgsalliansen.se/spelare/S%C3%B6ren-J%C3%A4rel%C3%B6v_353,1965-01-10
190,hasse jeppson,Örgryte IS,1948,2,2,https://goteborgsalliansen.se/spelare/Hasse-Jeppson_190,1925-05-10
190,hasse jeppson,Örgryte IS,1948,2,2,https://goteborgsalliansen.se/spelare/Hasse-Jeppson_190,1925-05-10
190,hasse jeppson,SSC Napoli,1955,1,1,https://goteborgsalliansen.se/spelare/Hasse-Jeppson_190,1925-05-10
190,hasse jeppson,SSC Napoli,1955,1,1,https://goteborgsalliansen.se/spelare/Hasse-Jeppson_190,1925-05-10
200,rune jingård,GAIS,"1948,1949,1950,1950,1952,1953,1954,1956,1957,1958",28,0,https://goteborgsalliansen.se/spelare/Rune-Jing%C3%A5rd_200,1925-02-16
270,kurt johanson,Örgryte IS,"1962,1964,1965",5,0,https://goteborgsalliansen.se/spelare/Kurt-Johanson_270,1932-04-30
45,baldwin johansson,IFK Göteborg,"1922,1926",3,3,https://goteborgsalliansen.se/spelare/Baldwin-Johansson_45,1898-03-10
235,bebben johansson,IFK Göteborg,"1955,1956,1957,1958,1959,1960,1961,1962,1963,1964,1965,1966,1967",20,7,https://goteborgsalliansen.se/spelare/Bebben-Johansson_235,1935-03-22
247,bengt-göran johansson,Örgryte IS,"1956,1957",3,0,https://goteborgsalliansen.se/spelare/Bengt-G%C3%B6ran-Johansson_247,1934-03-16
284,bo johansson,GAIS,1964,1,0,https://goteborgsalliansen.se/spelare/Bo-Johansson_284,1941-10-06
56,einar johansson,GAIS,"1922,1923",2,0,https://goteborgsalliansen.se/spelare/Einar-Johansson_56,1899-05-19
53,elam johansson,IFK Göteborg,1921,1,0,https://goteborgsalliansen.se/spelare/Elam-Johansson_53,1896-02-23
64,erik johansson,GAIS,"1923,1924,1925,1926,1927,1929",7,1,https://goteborgsalliansen.se/spelare/Erik-Johansson_64,1900-03-10
20,filip johansson,IFK Göteborg,"1921,1925,1926,1927,1928,1929,1930,1931,1932",23,16,https://goteborgsalliansen.se/spelare/Filip-Johansson_20,1902-01-21
151,folke johansson,IFK Göteborg,"1939,1940,1942,1944,1945",7,0,https://goteborgsalliansen.se/spelare/Folke-Johansson_151,1916-06-19
209,gunnar johansson,GAIS,1950,1,0,https://goteborgsalliansen.se/spelare/Gunnar-Johansson_209,1924-02-29
46,gustaf johansson,GAIS,"1921,1922",3,0,https://goteborgsalliansen.se/spelare/Gustaf-Johansson_46,1893-05-02
66,gustav johansson,Örgryte IS,"1924,1927",4,0,https://goteborgsalliansen.se/spelare/Gustav-Johansson_66,1900-08-14
314,hans johansson,GAIS,"1970,1971,1974,1975",6,1,https://goteborgsalliansen.se/spelare/Hans-Johansson_314,1945-12-30
108,harry johansson,GAIS,"1931,1932,1933",6,0,https://goteborgsalliansen.se/spelare/Harry-Johansson_108,1909-04-16
108,harry johansson,GAIS,"1931,1932,1933",6,0,https://goteborgsalliansen.se/spelare/Harry-Johansson_108,1909-04-16
108,harry johansson,Gårda BK,1942,1,0,https://goteborgsalliansen.se/spelare/Harry-Johansson_108,1909-04-16
108,harry johansson,Gårda BK,1942,1,0,https://goteborgsalliansen.se/spelare/Harry-Johansson_108,1909-04-16
96,holger johansson,GAIS,"1932,1933,1934,1935,1936,1937,1938,1939",17,6,https://goteborgsalliansen.se/spelare/Holger-Johansson_96,1911-01-18
262,jan johansson,IFK Göteborg,1960,1,0,https://goteborgsalliansen.se/spelare/Jan-Johansson_262,1937-02-26
40,john johansson,GAIS,"1921,1923",5,0,https://goteborgsalliansen.se/spelare/John-Johansson_40,1894-07-07
6,karl johansson,IFK Göteborg,1921,3,0,https://goteborgsalliansen.se/spelare/Karl-Johansson_6,1895-07-19
168,knut johansson,IF Elfsborg,1942,1,1,https://goteborgsalliansen.se/spelare/Knut-Johansson_168,1918-04-02
290,lars-göran johansson,Örgryte IS,"1965,1966,1968,1970,1971",8,0,https://goteborgsalliansen.se/spelare/Lars-G%C3%B6ran-Johansson_290,1946-08-01
324,lennart johansson,Örgryte IS,1971,2,0,https://goteborgsalliansen.se/spelare/Lennart-Johansson_324,1947-08-24
356,magnus johansson,IFK Göteborg,1992,1,0,https://goteborgsalliansen.se/spelare/Magnus-Johansson_356,1971-11-10
263,nils johansson,IFK Göteborg,"1960,1961,1962,1963,1964,1965",10,0,https://goteborgsalliansen.se/spelare/Nils-Johansson_263,1934-12-14
119,olof johansson,IFK Göteborg,"1933,1934",2,0,https://goteborgsalliansen.se/spelare/Olof-Johansson_119,1908-07-01
277,paul johansson,IFK Göteborg,1962,1,0,https://goteborgsalliansen.se/spelare/Paul-Johansson_277,1939-08-05
238,roger johansson,IFK Göteborg,1955,1,0,https://goteborgsalliansen.se/spelare/Roger-Johansson_238,1932-02-19
236,roland johansson,GAIS,"1955,1956,1957",3,0,https://goteborgsalliansen.se/spelare/Roland-Johansson_236,1930-10-08
249,ronald johansson,IFK Göteborg,"1956,1957,1958",9,0,https://goteborgsalliansen.se/spelare/Ronald-Johansson_249,1936-03-06
49,sven johansson,IFK Göteborg,"1921,1923,1925",4,5,https://goteborgsalliansen.se/spelare/Sven-Johansson_49,1899-04-11
201,egon johnsson,GAIS,"1948,1949,1950",5,2,https://goteborgsalliansen.se/spelare/Egon-Johnsson_201,1926-12-06
123,sven jonasson,IF Elfsborg,"1934,1937,1938",3,3,https://goteborgsalliansen.se/spelare/Sven-Jonasson_123,1909-07-09
107,carl jonsson,GAIS,"1931,1932,1933,1934,1935,1937",13,0,https://goteborgsalliansen.se/spelare/Carl-Jonsson_107,1908-02-17
30,fridolf jonsson,GAIS,"1921,1922,1923",11,1,https://goteborgsalliansen.se/spelare/Fridolf-Jonsson_30,1890-01-21
113,helge jonsson,IFK Göteborg,"1932,1934",2,0,https://goteborgsalliansen.se/spelare/Helge-Jonsson_113,1912-01-30
229,nils jonsson,IFK Göteborg,"1954,1955,1957,1958,1959,1960,1961",13,0,https://goteborgsalliansen.se/spelare/Nils-Jonsson_229,1932-12-07
269,stig jonsson,Örgryte IS,1962,3,1,https://goteborgsalliansen.se/spelare/Stig-Jonsson_269,1939-08-26
376,tomas jönsson,GAIS,1993,1,0,https://goteborgsalliansen.se/spelare/Tomas-J%C3%B6nsson_376,1969-01-25
335,yngve källkvist,Örgryte IS,"1974,1975,1979",3,0,https://goteborgsalliansen.se/spelare/Yngve-K%C3%A4llkvist_335,1949-01-16
365,pontus kåmark,IFK Göteborg,"1992,1993",2,0,https://goteborgsalliansen.se/spelare/Pontus-K%C3%A5mark_365,1969-04-05
258,gunnar kämpendahl,GAIS,1959,1,0,https://goteborgsalliansen.se/spelare/Gunnar-K%C3%A4mpendahl_258,1937-01-27
337,conny karlsson,IFK Göteborg,1975,2,0,https://goteborgsalliansen.se/spelare/Conny-Karlsson_337,1953-11-21
145,einar karlsson,Gårda BK,1938,1,0,https://goteborgsalliansen.se/spelare/Einar-Karlsson_145,1909-08-01
180,göte karlsson,GAIS,"1945,1946,1947,1949,1950",9,1,https://goteborgsalliansen.se/spelare/G%C3%B6te-Karlsson_180,1921-01-06
351,gunnar karlsson,Örgryte IS,1979,1,1,https://goteborgsalliansen.se/spelare/Gunnar-Karlsson_351,1951-04-22
9,herbert karlsson,IFK Göteborg,"1920,1921,1922",12,7,https://goteborgsalliansen.se/spelare/Herbert-Karlsson_9,1896-09-08
366,joachim karlsson,Örgryte IS,1992,1,0,https://goteborgsalliansen.se/spelare/Joachim-Karlsson_366,1969-01-13
32,nils karlsson,GAIS,"1921,1922",13,0,https://goteborgsalliansen.se/spelare/Nils-Karlsson_32,1897-04-10
377,ola karlsson,Örgryte IS,1993,1,0,https://goteborgsalliansen.se/spelare/Ola-Karlsson_377,1971-05-19
285,roger karlsson,Örgryte IS,1964,1,2,https://goteborgsalliansen.se/spelare/Roger-Karlsson_285,1944-01-02
340,rolf karlsson,Örgryte IS,1975,1,0,https://goteborgsalliansen.se/spelare/Rolf-Karlsson_340,1950-09-22
116,walter karlsson,GAIS,1932,1,0,https://goteborgsalliansen.se/spelare/Walter-Karlsson_116,1908-12-02
157,willis karlsson,Billingsfors IK,1939,1,0,https://goteborgsalliansen.se/spelare/Willis-Karlsson_157,1914-06-25
360,nicklas karlström,GAIS,1992,1,1,https://goteborgsalliansen.se/spelare/Nicklas-Karlstr%C3%B6m_360,1966-12-13
378,anders kiel,GAIS,1993,1,0,https://goteborgsalliansen.se/spelare/Anders-Kiel_378,1964-01-05
338,ove kindvall,IFK Göteborg,1975,2,0,https://goteborgsalliansen.se/spelare/Ove-Kindvall_338,1943-05-16
4,ivar klingström,Örgryte IS,"1920,1921,1922,1923,1924,1925,1926,1927,1928",31,0,https://goteborgsalliansen.se/spelare/Ivar-Klingstr%C3%B6m_4,1897-08-01
265,arne knutsson,IFK Göteborg,1961,1,0,https://goteborgsalliansen.se/spelare/Arne-Knutsson_265,1934-11-22
33,carl krantz,Örgryte IS,1921,1,0,https://goteborgsalliansen.se/spelare/Carl-Krantz_33,1894-09-02
207,karl erik kristensson,Örgryte IS,"1950,1951,1953,1956,1957,1960",13,1,https://goteborgsalliansen.se/spelare/Karl+Erik-Kristensson_207,1926-09-20
175,Åke kristiansson,IFK Göteborg,1944,1,1,https://goteborgsalliansen.se/spelare/%C3%85ke-Kristiansson_175,1920-10-18
48,albert kristiansson,Örgryte IS,1921,2,3,https://goteborgsalliansen.se/spelare/Albert-Kristiansson_48,1892-05-15
36,douglas krook,GAIS,"1921,1922",3,0,https://goteborgsalliansen.se/spelare/Douglas-Krook_36,1897-07-01
36,douglas krook,GAIS,"1921,1922",3,0,https://goteborgsalliansen.se/spelare/Douglas-Krook_36,1897-07-01
36,douglas krook,Örgryte IS,"1924,1926,1927,1928,1929,1930",12,0,https://goteborgsalliansen.se/spelare/Douglas-Krook_36,1897-07-01
36,douglas krook,Örgryte IS,"1924,1926,1927,1928,1929,1930",12,0,https://goteborgsalliansen.se/spelare/Douglas-Krook_36,1897-07-01
95,svejde krook,IFK Göteborg,"1935,1936,1937",3,0,https://goteborgsalliansen.se/spelare/Svejde-Krook_95,1914-08-06
104,evert lager,Örgryte IS,1930,2,1,https://goteborgsalliansen.se/spelare/Evert-Lager_104,1907-07-15
320,benno larsen,GAIS,1971,3,0,https://goteborgsalliansen.se/spelare/Benno-Larsen_320,1949-09-30
313,berry larsson,Örgryte IS,"1970,1971",3,0,https://goteborgsalliansen.se/spelare/Berry-Larsson_313,1946-12-26
153,folke larsson,IFK Göteborg,"1939,1945",2,0,https://goteborgsalliansen.se/spelare/Folke-Larsson_153,1915-08-22
206,henry larsson,IFK Göteborg,"1950,1951,1952,1953",16,0,https://goteborgsalliansen.se/spelare/Henry-Larsson_206,1924-08-28
160,leif larsson,IFK Göteborg,"1940,1944",2,2,https://goteborgsalliansen.se/spelare/Leif-Larsson_160,1921-12-10
160,leif larsson,IFK Göteborg,"1940,1944",2,2,https://goteborgsalliansen.se/spelare/Leif-Larsson_160,1921-12-10
160,leif larsson,GAIS,1948,3,2,https://goteborgsalliansen.se/spelare/Leif-Larsson_160,1921-12-10
160,leif larsson,GAIS,1948,3,2,https://goteborgsalliansen.se/spelare/Leif-Larsson_160,1921-12-10
7,nils larsson,Örgryte IS,"1921,1923",2,0,https://goteborgsalliansen.se/spelare/Nils-Larsson_7,1897-03-22
332,osborn larsson,GAIS,"1974,1979",2,0,https://goteborgsalliansen.se/spelare/Osborn-Larsson_332,1951-05-30
349,thomas larsson,Örgryte IS,1979,1,2,https://goteborgsalliansen.se/spelare/Thomas-Larsson_349,1955-01-20
12,torilld larsson,IFK Göteborg,"1931,1932,1933",6,0,https://goteborgsalliansen.se/spelare/Torilld-Larsson_12,1908-01-05
43,erik levin,IFK Göteborg,1922,2,0,https://goteborgsalliansen.se/spelare/Erik-Levin_43,1899-11-30
68,helge liljebjörn,GAIS,"1930,1931,1932,1933,1934,1935,1936,1937,1938",18,0,https://goteborgsalliansen.se/spelare/Helge-Liljebj%C3%B6rn_68,1904-08-16
3,erik liljenberg,Örgryte IS,"1921,1922",6,0,https://goteborgsalliansen.se/spelare/Erik-Liljenberg_3,1894-09-11
118,folke lind,GAIS,"1933,1934,1935,1936,1937,1938,1939,1942,1945,1946,1947",16,0,https://goteborgsalliansen.se/spelare/Folke-Lind_118,1913-04-04
273,gunro lindberg,IFK Göteborg,"1962,1963",2,0,https://goteborgsalliansen.se/spelare/Gunro-Lindberg_273,1937-01-09
150,roland lindberg,Gårda BK,1939,2,0,https://goteborgsalliansen.se/spelare/Roland-Lindberg_150,1910-05-15
163,yngve lindegren,Örgryte IS,1940,2,1,https://goteborgsalliansen.se/spelare/Yngve-Lindegren_163,1912-04-26
250,leif linderoth,GAIS,1957,4,0,https://goteborgsalliansen.se/spelare/Leif-Linderoth_250,1936-01-31
264,roland lindqvist,Örgryte IS,"1960,1961,1962",3,3,https://goteborgsalliansen.se/spelare/Roland-Lindqvist_264,1939-08-19
363,stefan lindqvist,IFK Göteborg,1992,1,0,https://goteborgsalliansen.se/spelare/Stefan-Lindqvist_363,1967-03-18
199,stig lindqvist,GAIS,1948,1,1,https://goteborgsalliansen.se/spelare/Stig-Lindqvist_199,1918-08-17
94,gunnar löfgren,IFK Göteborg,"1932,1934,1937",5,0,https://goteborgsalliansen.se/spelare/Gunnar-L%C3%B6fgren_94,1910-11-30
142,stig löfgren,IFK Göteborg,1937,1,2,https://goteborgsalliansen.se/spelare/Stig-L%C3%B6fgren_142,1919-04-30
165,rune ludvigsson,Gårda BK,1942,1,0,https://goteborgsalliansen.se/spelare/Rune-Ludvigsson_165,1922-10-06
214,arne lund,GAIS,1951,3,0,https://goteborgsalliansen.se/spelare/Arne-Lund_214,1926-05-24
29,valdus lund,IFK Göteborg,"1921,1922,1923,1924",13,1,https://goteborgsalliansen.se/spelare/Valdus-Lund_29,1895-04-04
149,helmer lundgren,GAIS,1938,1,0,https://goteborgsalliansen.se/spelare/Helmer-Lundgren_149,1914-05-16
13,herbert lundgren,GAIS,"1925,1926,1927,1928,1929,1931,1932,1933,1934",22,0,https://goteborgsalliansen.se/spelare/Herbert-Lundgren_13,1902-03-20
226,arne lundqvist,IFK Göteborg,1953,2,1,https://goteborgsalliansen.se/spelare/Arne-Lundqvist_226,1926-10-10
65,evert lundqvist,Örgryte IS,"1923,1925,1926,1927,1928",14,2,https://goteborgsalliansen.se/spelare/Evert-Lundqvist_65,1900-02-27
372,thomas madsen,Örgryte IS,1993,1,0,https://goteborgsalliansen.se/spelare/Thomas-Madsen_372,1962-01-19
31,harry magnusson,Örgryte IS,1922,3,0,https://goteborgsalliansen.se/spelare/Harry-Magnusson_31,1893-09-22
129,fridolf martinsson,Örgryte IS,"1935,1936",2,4,https://goteborgsalliansen.se/spelare/Fridolf-Martinsson_129,1914-07-21
101,allan mattiasson,GAIS,1931,1,2,https://goteborgsalliansen.se/spelare/Allan-Mattiasson_101,1908-03-08
322,bo mattsson,Örgryte IS,1971,1,0,https://goteborgsalliansen.se/spelare/Bo-Mattsson_322,1949-06-21
256,bror mellberg,AIK,1958,1,0,https://goteborgsalliansen.se/spelare/Bror-Mellberg_256,1923-12-09
359,håkan mild,IFK Göteborg,"1992,1993",2,0,https://goteborgsalliansen.se/spelare/H%C3%A5kan-Mild_359,1971-06-14
161,bengt mossberg,IFK Göteborg,1940,3,0,https://goteborgsalliansen.se/spelare/Bengt-Mossberg_161,1920-12-30
287,göran nicklasson,IFK Göteborg,"1965,1966,1969,1970,1971,1972",9,2,https://goteborgsalliansen.se/spelare/G%C3%B6ran-Nicklasson_287,1942-08-20
305,donald niklasson,IFK Göteborg,"1968,1969,1970,1972",4,0,https://goteborgsalliansen.se/spelare/Donald-Niklasson_305,1947-01-12
347,erik nilsson,IFK Göteborg,1979,1,0,https://goteborgsalliansen.se/spelare/Erik-Nilsson_347,1954-11-04
102,harry nilsson,GAIS,1929,1,0,https://goteborgsalliansen.se/spelare/Harry-Nilsson_102,1905-09-19
72,john nilsson,GAIS,"1930,1931,1932,1933",7,1,https://goteborgsalliansen.se/spelare/John-Nilsson_72,1908-04-27
253,lennart nilsson i,IFK Göteborg,"1957,1958,1959,1960,1961,1962,1963",12,0,https://goteborgsalliansen.se/spelare/Lennart-Nilsson+I_253,1937-04-19
380,lennart nilsson ii,IFK Göteborg,1988,1,0,https://goteborgsalliansen.se/spelare/Lennart-Nilsson+II_380,1959-01-01
358,morgan nilsson,GAIS,"1992,1993",2,0,https://goteborgsalliansen.se/spelare/Morgan-Nilsson_358,1971-04-03
176,ove nilsson,Örgryte IS,"1945,1946",4,0,https://goteborgsalliansen.se/spelare/Ove-Nilsson_176,1918-08-17
234,sixten nilsson,GAIS,"1955,1956",2,0,https://goteborgsalliansen.se/spelare/Sixten-Nilsson_234,1931-01-05
342,torbjörn nilsson,IFK Göteborg,1975,1,1,https://goteborgsalliansen.se/spelare/Torbj%C3%B6rn-Nilsson_342,1954-07-09
343,björn nordqvist,IFK Göteborg,1975,1,0,https://goteborgsalliansen.se/spelare/Bj%C3%B6rn-Nordqvist_343,1942-10-06
374,roger nordstrand,Örgryte IS,1993,1,0,https://goteborgsalliansen.se/spelare/Roger-Nordstrand_374,1973-05-20
316,jan nordström,FC Groningen,1971,1,0,https://goteborgsalliansen.se/spelare/Jan-Nordstr%C3%B6m_316,1944-12-19
316,jan nordström,FC Groningen,1971,1,0,https://goteborgsalliansen.se/spelare/Jan-Nordstr%C3%B6m_316,1944-12-19
316,jan nordström,IFK Göteborg,"1974,1975",3,0,https://goteborgsalliansen.se/spelare/Jan-Nordstr%C3%B6m_316,1944-12-19
316,jan nordström,IFK Göteborg,"1974,1975",3,0,https://goteborgsalliansen.se/spelare/Jan-Nordstr%C3%B6m_316,1944-12-19
109,per nordström,Örgryte IS,"1931,1932,1933,1934",8,3,https://goteborgsalliansen.se/spelare/Per-Nordstr%C3%B6m_109,1913-09-07
240,Åke norén,IFK Göteborg,"1955,1956,1957",6,0,https://goteborgsalliansen.se/spelare/%C3%85ke-Nor%C3%A9n_240,1928-09-26
117,arne nyberg,IFK Göteborg,"1932,1934,1937,1938,1939,1940,1942,1944,1945,1946,1948",17,8,https://goteborgsalliansen.se/spelare/Arne-Nyberg_117,1913-06-20
259,yngve nykvist,GAIS,1960,1,0,https://goteborgsalliansen.se/spelare/Yngve-Nykvist_259,1934-11-19
222,hans-eje nylander,Örgryte IS,1952,1,0,https://goteborgsalliansen.se/spelare/Hans-Eje-Nylander_222,1928-03-11
85,hugo Ödvall,Örgryte IS,"1927,1928",2,0,https://goteborgsalliansen.se/spelare/Hugo-%C3%96dvall_85,1904-09-12
254,owe ohlsson,IFK Göteborg,"1957,1960,1962,1963,1964",12,5,https://goteborgsalliansen.se/spelare/Owe-Ohlsson_254,1938-08-19
331,reine olausson,IFK Göteborg,"1974,1975",2,1,https://goteborgsalliansen.se/spelare/Reine-Olausson_331,1949-04-23
261,lars olofsson,Örgryte IS,1960,1,0,https://goteborgsalliansen.se/spelare/Lars-Olofsson_261,1937-01-30
195,per olofsson,Örgryte IS,1948,1,0,https://goteborgsalliansen.se/spelare/Per-Olofsson_195,
19,albert olsson,GAIS,"1921,1922,1924,1925,1926,1927,1928,1929",26,10,https://goteborgsalliansen.se/spelare/Albert-Olsson_19,1896-11-28
98,arvid olsson,Örgryte IS,"1925,1929",2,0,https://goteborgsalliansen.se/spelare/Arvid-Olsson_98,1903-01-20
159,axel olsson,IFK Göteborg,1940,3,0,https://goteborgsalliansen.se/spelare/Axel-Olsson_159,1910-11-06
346,dennis olsson,Örgryte IS,1979,1,0,https://goteborgsalliansen.se/spelare/Dennis-Olsson_346,1957-05-14
105,gunnar olsson,GAIS,"1930,1932,1933,1934",9,4,https://goteborgsalliansen.se/spelare/Gunnar-Olsson_105,1908-07-19
225,hasse olsson,GAIS,"1953,1954,1955,1956,1957,1958",18,8,https://goteborgsalliansen.se/spelare/Hasse-Olsson_225,1930-11-15
293,jan olsson,GAIS,"1966,1967,1968,1971",4,0,https://goteborgsalliansen.se/spelare/Jan-Olsson_293,1944-03-18
24,karl olsson,IFK Göteborg,"1920,1921",4,1,https://goteborgsalliansen.se/spelare/Karl-Olsson_24,1892-09-02
192,lars-hugo olsson,Örgryte IS,1948,3,0,https://goteborgsalliansen.se/spelare/Lars-Hugo-Olsson_192,1919-08-18
184,nils olsson,Örgryte IS,1948,3,0,https://goteborgsalliansen.se/spelare/Nils-Olsson_184,1921-12-04
326,börje oskarsson,IFK Göteborg,"1971,1972",2,0,https://goteborgsalliansen.se/spelare/B%C3%B6rje-Oskarsson_326,1950-07-04
329,dan Östlund,IFK Göteborg,1972,1,0,https://goteborgsalliansen.se/spelare/Dan-%C3%96stlund_329,1947-01-06
84,ernst Östlund,IFK Göteborg,"1925,1926,1927,1929",6,0,https://goteborgsalliansen.se/spelare/Ernst-%C3%96stlund_84,1899-12-09
323,lennart ottordahl,Örgryte IS,"1971,1972",3,0,https://goteborgsalliansen.se/spelare/Lennart-Ottordahl_323,1949-04-18
323,lennart ottordahl,Örgryte IS,"1971,1972",3,0,https://goteborgsalliansen.se/spelare/Lennart-Ottordahl_323,1949-04-18
323,lennart ottordahl,IFK Göteborg,1975,2,0,https://goteborgsalliansen.se/spelare/Lennart-Ottordahl_323,1949-04-18
323,lennart ottordahl,IFK Göteborg,1975,2,0,https://goteborgsalliansen.se/spelare/Lennart-Ottordahl_323,1949-04-18
172,ragnvald pålsson,IFK Göteborg,"1944,1946,1948",3,0,https://goteborgsalliansen.se/spelare/Ragnvald-P%C3%A5lsson_172,1917-07-27
303,sten pålsson,GAIS,"1968,1970,1971,1975,1979",9,2,https://goteborgsalliansen.se/spelare/Sten-P%C3%A5lsson_303,1945-12-04
50,gunnar paulsson,GAIS,"1921,1923,1924,1926",7,5,https://goteborgsalliansen.se/spelare/Gunnar-Paulsson_50,1901-01-23
268,Örjan persson,Örgryte IS,"1962,1963,1964,1970,1971,1972",10,0,https://goteborgsalliansen.se/spelare/%C3%96rjan-Persson_268,1942-08-27
325,sune persson,GAIS,"1971,1974,1975",4,0,https://goteborgsalliansen.se/spelare/Sune-Persson_325,1945-11-29
307,rolf petersson,IFK Göteborg,1969,1,0,https://goteborgsalliansen.se/spelare/Rolf-Petersson_307,1945-01-25
368,thomas ravelli,IFK Göteborg,1993,1,0,https://goteborgsalliansen.se/spelare/Thomas-Ravelli_368,1959-08-13
371,stefan rehn,IFK Göteborg,1993,1,0,https://goteborgsalliansen.se/spelare/Stefan-Rehn_371,1966-09-22
80,gunnar reis,IFK Göteborg,"1931,1932,1933,1934",6,3,https://goteborgsalliansen.se/spelare/Gunnar-Reis_80,1911-09-22
167,sixten rosenqvist,GAIS,"1942,1945,1946,1947,1948,1949,1950",15,0,https://goteborgsalliansen.se/spelare/Sixten-Rosenqvist_167,1918-12-14
75,anders rydberg,IFK Göteborg,"1924,1925,1926,1927,1928,1929,1931,1932,1933,1934,1936",25,0,https://goteborgsalliansen.se/spelare/Anders-Rydberg_75,1903-03-03
8,gunnar rydberg,IFK Göteborg,"1921,1924,1925,1926,1927,1928,1929,1930,1931,1932,1933,1934",27,12,https://goteborgsalliansen.se/spelare/Gunnar-Rydberg_8,1900-08-09
187,ingvar rydell,Billingsfors IK,1946,1,1,https://goteborgsalliansen.se/spelare/Ingvar-Rydell_187,1922-06-20
57,sven rydell,Örgryte IS,"1923,1925,1926,1927,1928,1929,1930,1931,1932,1933",27,10,https://goteborgsalliansen.se/spelare/Sven-Rydell_57,1905-01-14
38,gustaf samuelsson,GAIS,1921,1,0,https://goteborgsalliansen.se/spelare/Gustaf-Samuelsson_38,
279,hasse samuelsson,GAIS,"1963,1968,1969",3,1,https://goteborgsalliansen.se/spelare/Hasse-Samuelsson_279,1941-06-11
67,herbert samuelsson,IFK Göteborg,"1926,1928,1929,1930,1931,1932",12,0,https://goteborgsalliansen.se/spelare/Herbert-Samuelsson_67,1905-02-20
297,yngve samuelsson,GAIS,"1967,1969,1971",5,0,https://goteborgsalliansen.se/spelare/Yngve-Samuelsson_297,1941-02-12
169,carl-erik sandberg,Malmö FF,1942,1,0,https://goteborgsalliansen.se/spelare/Carl-Erik-Sandberg_169,1919-01-13
28,mauritz sandberg,IFK Göteborg,1921,4,0,https://goteborgsalliansen.se/spelare/Mauritz-Sandberg_28,1895-11-15
63,herbert sandström,IFK Göteborg,1923,1,1,https://goteborgsalliansen.se/spelare/Herbert-Sandstr%C3%B6m_63,1900-11-11
126,henry schéele,Örgryte IS,1934,1,2,https://goteborgsalliansen.se/spelare/Henry-Sch%C3%A9ele_126,1909-05-08
164,Åke schön,GAIS,1940,2,2,https://goteborgsalliansen.se/spelare/%C3%85ke-Sch%C3%B6n_164,1920-04-16
233,vilgot schwartz,Örgryte IS,"1955,1956,1957,1958,1960,1962,1965",15,0,https://goteborgsalliansen.se/spelare/Vilgot-Schwartz_233,1936-03-11
181,bertil sernros,GAIS,"1945,1946,1947,1948,1952,1953,1954",16,0,https://goteborgsalliansen.se/spelare/Bertil-Sernros_181,1921-04-20
252,agne simonsson,Örgryte IS,"1957,1958,1959,1960,1964,1965,1966,1968",15,11,https://goteborgsalliansen.se/spelare/Agne-Simonsson_252,1935-10-19
188,andreas sjöberg,Örgryte IS,1947,1,0,https://goteborgsalliansen.se/spelare/Andreas-Sj%C3%B6berg_188,1923-11-10
103,bertil sjöberg,Örgryte IS,1930,1,1,https://goteborgsalliansen.se/spelare/Bertil-Sj%C3%B6berg_103,1910-05-16
203,sven sjöblom,IFK Göteborg,1949,1,0,https://goteborgsalliansen.se/spelare/Sven-Sj%C3%B6blom_203,1929-01-29
355,niclas sjöstedt,Örgryte IS,1992,1,0,https://goteborgsalliansen.se/spelare/Niclas-Sj%C3%B6stedt_355,1964-10-23
174,göte sjösten,GAIS,1944,1,0,https://goteborgsalliansen.se/spelare/G%C3%B6te-Sj%C3%B6sten_174,1918-01-19
51,vallentin skoglund,IFK Göteborg,1921,1,0,https://goteborgsalliansen.se/spelare/Vallentin-Skoglund_51,1896-06-22
282,jens söderberg,Örgryte IS,1964,1,0,https://goteborgsalliansen.se/spelare/Jens-S%C3%B6derberg_282,1938-10-22
158,gösta stenberg,Örgryte IS,1939,1,0,https://goteborgsalliansen.se/spelare/G%C3%B6sta-Stenberg_158,1918-06-22
137,kurt svanström,Örgryte IS,"1936,1937,1938,1939,1944",5,2,https://goteborgsalliansen.se/spelare/Kurt-Svanstr%C3%B6m_137,1915-03-24
232,tord svanström,Örgryte IS,1955,1,0,https://goteborgsalliansen.se/spelare/Tord-Svanstr%C3%B6m_232,1928-09-16
243,allan svantesson,IFK Göteborg,1950,1,0,https://goteborgsalliansen.se/spelare/Allan-Svantesson_243,1928-06-01
281,anders svensson,Örgryte IS,"1964,1965,1966",5,0,https://goteborgsalliansen.se/spelare/Anders-Svensson_281,1939-03-27
114,gösta svensson,GAIS,"1932,1933",3,0,https://goteborgsalliansen.se/spelare/G%C3%B6sta-Svensson_114,1904-01-04
310,harry svensson,IFK Göteborg,"1969,1970",2,0,https://goteborgsalliansen.se/spelare/Harry-Svensson_310,1945-06-11
23,henning svensson,IFK Göteborg,"1920,1921,1922,1923,1924",16,0,https://goteborgsalliansen.se/spelare/Henning-Svensson_23,1891-10-13
283,ingvar svensson,IFK Göteborg,"1964,1965,1968",4,0,https://goteborgsalliansen.se/spelare/Ingvar-Svensson_283,1939-12-16
140,mårten svensson,Örgryte IS,"1937,1938",2,0,https://goteborgsalliansen.se/spelare/M%C3%A5rten-Svensson_140,1917-10-11
369,ola svensson,IFK Göteborg,1993,1,0,https://goteborgsalliansen.se/spelare/Ola-Svensson_369,1964-04-06
21,torsten svensson,GAIS,"1921,1922,1923,1925,1927",9,7,https://goteborgsalliansen.se/spelare/Torsten-Svensson_21,1901-10-08
138,Åke tholander,GAIS,1936,1,1,https://goteborgsalliansen.se/spelare/%C3%85ke-Tholander_138,1914-10-21
111,karl thorin,Örgryte IS,"1931,1932",4,0,https://goteborgsalliansen.se/spelare/Karl-Thorin_111,1904-05-30
193,curt thorstensson,GAIS,"1948,1949,1950,1952,1953",8,0,https://goteborgsalliansen.se/spelare/Curt-Thorstensson_193,1925-01-07
90,bertil thulin,GAIS,"1926,1929",2,1,https://goteborgsalliansen.se/spelare/Bertil-Thulin_90,1903-05-16
5,konrad törnqvist,IFK Göteborg,1921,3,0,https://goteborgsalliansen.se/spelare/Konrad-T%C3%B6rnqvist_5,1888-07-17
212,bengt vikström,Örgryte IS,1950,1,0,https://goteborgsalliansen.se/spelare/Bengt-Vikstr%C3%B6m_212,1927-10-22
299,berth wåhlin,Örgryte IS,1967,1,0,https://goteborgsalliansen.se/spelare/Berth-W%C3%A5hlin_299,1941-04-08
124,bror wahlström,GAIS,1934,2,0,https://goteborgsalliansen.se/spelare/Bror-Wahlstr%C3%B6m_124,1907-03-03
375,jens wålemark,Örgryte IS,1993,1,0,https://goteborgsalliansen.se/spelare/Jens-W%C3%A5lemark_375,1966-07-31
291,lennart wallin,IFK Göteborg,"1965,1966,1967,1968",4,0,https://goteborgsalliansen.se/spelare/Lennart-Wallin_291,1942-09-29
115,viktor wallin,IFK Göteborg,1932,1,0,https://goteborgsalliansen.se/spelare/Viktor-Wallin_115,1911-12-30
289,leif wendt,GAIS,"1965,1966",3,1,https://goteborgsalliansen.se/spelare/Leif-Wendt_289,1942-03-05
1,gunnar wenzel,IFK Göteborg,1921,3,0,https://goteborgsalliansen.se/spelare/Gunnar-Wenzel_1,1898-09-27
18,rune wenzel,GAIS,"1921,1922,1923,1924,1925,1926,1927,1928,1929,1930,1931",41,4,https://goteborgsalliansen.se/spelare/Rune-Wenzel_18,1901-01-04
132,gustaf werner,IFK Göteborg,1936,2,0,https://goteborgsalliansen.se/spelare/Gustaf-Werner_132,1911-11-27
334,kenneth wessberg,GAIS,"1974,1975",2,1,https://goteborgsalliansen.se/spelare/Kenneth-Wessberg_334,1950-04-25
260,rolf wetterlind,Örgryte IS,"1960,1961,1962,1964,1965",11,0,https://goteborgsalliansen.se/spelare/Rolf-Wetterlind_260,1933-04-12
257,lennart wing,Örgryte IS,"1959,1960,1961,1962,1963,1964,1967,1968",12,0,https://goteborgsalliansen.se/spelare/Lennart-Wing_257,1935-08-07
251,nils wiréen,GAIS,1957,1,0,https://goteborgsalliansen.se/spelare/Nils-Wir%C3%A9en_251,1936-07-13
370,leif ytterell,Örgryte IS,1993,1,0,https://goteborgsalliansen.se/spelare/Leif-Ytterell_370,1964-11-25
14,gunnar zacharoff,GAIS,"1927,1928,1929,1930,1931,1932,1935",13,0,https://goteborgsalliansen.se/spelare/Gunnar-Zacharoff_14,1902-01-06
76,harry zachrisson,Örgryte IS,"1929,1930,1931,1932,1933,1934,1935,1936",20,0,https://goteborgsalliansen.se/spelare/Harry-Zachrisson_76,1906-06-21
22,robert zander,Örgryte IS,"1920,1921,1922,1923,1925,1926",27,0,https://goteborgsalliansen.se/spelare/Robert-Zander_22,1895-09-18
